variable,zfp_level
FLUT,14
LHFLX,12
PRECT,14
TAUX,12
TS,20
Z500,20
FLUT,14
LHFLX,12
PRECT,14
TAUX,12
TS,20
Z500,20
variable,zfp_level
FLUT,14
LHFLX,12
PRECT,14
TAUX,12
TS,20
Z500,20
variable,zfp_level
FLUT,14
LHFLX,12
PRECT,14
TAUX,12
TS,20
Z500,20
variable,zfp_level
FLUT,14
LHFLX,12
PRECT,14
TAUX,12
TS,20
Z500,20
variable,zfp_level
FLUT,14
LHFLX,12
PRECT,14
TAUX,12
TS,20
Z500,20
variable,zfp_level
FLUT,14
LHFLX,12
PRECT,14
TAUX,12
TS,20
Z500,20
variable,zfp_level
FLUT,14
LHFLX,12
PRECT,14
TAUX,12
TS,20
Z500,20
variable,zfp_level
FLUT,14
LHFLX,12
PRECT,14
TAUX,12
TS,20
Z500,20
variable,zfp_level
FLUT,14
LHFLX,12
PRECT,14
TAUX,12
TS,20
Z500,20
variable,zfp_level
FLUT,14
LHFLX,12
PRECT,14
TAUX,12
TS,20
Z500,20
variable,zfp_level
FLUT,14
LHFLX,12
PRECT,14
TAUX,12
TS,20
Z500,20
variable,zfp_level
FLUT,14
LHFLX,12
PRECT,14
TAUX,12
TS,20
Z500,20
variable,zfp_level
FLUT,14
LHFLX,12
PRECT,14
TAUX,12
TS,20
Z500,20
variable,zfp_level
FLUT,14
LHFLX,12
PRECT,14
TAUX,12
TS,20
Z500,20
variable,zfp_level
FLUT,14
LHFLX,12
PRECT,14
TAUX,12
TS,20
Z500,20
variable,zfp_level
FLUT,14
LHFLX,12
PRECT,14
TAUX,12
TS,20
Z500,20
variable,zfp_level
FLUT,14
LHFLX,12
PRECT,14
TAUX,12
TS,20
Z500,20
variable,zfp_level
FLUT,14
LHFLX,12
PRECT,14
TAUX,12
TS,20
Z500,20
variable,zfp_level
FLUT,14
LHFLX,12
PRECT,14
TAUX,12
TS,20
Z500,20
variable,zfp_level
FLUT,14
LHFLX,12
PRECT,14
TAUX,12
TS,20
Z500,20
variable,zfp_level
FLUT,14
LHFLX,12
PRECT,14
TAUX,12
TS,20
Z500,20
variable,zfp_level
FLUT,14
LHFLX,12
PRECT,14
TAUX,12
TS,20
Z500,20
variable,zfp_level
FLUT,14
LHFLX,12
PRECT,14
TAUX,12
TS,20
Z500,20
variable,zfp_level
FLUT,14
LHFLX,12
PRECT,14
TAUX,12
TS,20
Z500,20
variable,zfp_level
FLUT,14
LHFLX,12
PRECT,14
TAUX,12
TS,20
Z500,20
variable,zfp_level
FLUT,14
LHFLX,12
PRECT,14
TAUX,12
TS,20
Z500,20
variable,zfp_level
FLUT,14
LHFLX,12
PRECT,14
TAUX,12
TS,20
Z500,20
variable,zfp_level
FLUT,14
LHFLX,12
PRECT,14
TAUX,12
TS,20
Z500,20
variable,zfp_level
FLUT,14
LHFLX,12
PRECT,14
TAUX,12
TS,20
Z500,20
variable,zfp_level
FLUT,14
LHFLX,12
PRECT,14
TAUX,12
TS,20
Z500,20
variable,zfp_level
