levels,algs,ratios,variable,times
16,z_hdf5,2.24,FLNS,0
16,z_hdf5,2.24,FLNS,1
16,z_hdf5,2.24,FLNS,2
16,z_hdf5,2.24,FLNS,3
16,z_hdf5,2.24,FLNS,4
16,z_hdf5,2.24,FLNS,5
16,z_hdf5,2.24,FLNS,6
16,z_hdf5,2.24,FLNS,7
16,z_hdf5,2.24,FLNS,8
16,z_hdf5,2.24,FLNS,9
16,z_hdf5,2.24,FLNS,10
16,z_hdf5,2.24,FLNS,11
16,z_hdf5,2.24,FLNS,12
16,z_hdf5,2.24,FLNS,13
16,z_hdf5,2.24,FLNS,14
16,z_hdf5,2.24,FLNS,15
16,z_hdf5,2.24,FLNS,16
16,z_hdf5,2.24,FLNS,17
16,z_hdf5,2.24,FLNS,18
16,z_hdf5,2.24,FLNS,19
16,z_hdf5,2.24,FLNS,20
16,z_hdf5,2.24,FLNS,21
16,z_hdf5,2.24,FLNS,22
16,z_hdf5,2.24,FLNS,23
16,z_hdf5,2.24,FLNS,24
16,z_hdf5,2.24,FLNS,25
16,z_hdf5,2.24,FLNS,26
16,z_hdf5,2.24,FLNS,27
16,z_hdf5,2.24,FLNS,28
16,z_hdf5,2.24,FLNS,29
16,z_hdf5,2.24,FLNS,30
16,z_hdf5,2.24,FLNS,31
16,z_hdf5,2.24,FLNS,32
16,z_hdf5,2.24,FLNS,33
16,z_hdf5,2.24,FLNS,34
16,z_hdf5,2.24,FLNS,35
16,z_hdf5,2.24,FLNS,36
16,z_hdf5,2.24,FLNS,37
16,z_hdf5,2.24,FLNS,38
16,z_hdf5,2.24,FLNS,39
16,z_hdf5,2.24,FLNS,40
16,z_hdf5,2.24,FLNS,41
16,z_hdf5,2.24,FLNS,42
16,z_hdf5,2.24,FLNS,43
16,z_hdf5,2.24,FLNS,44
16,z_hdf5,2.24,FLNS,45
16,z_hdf5,2.24,FLNS,46
16,z_hdf5,2.24,FLNS,47
16,z_hdf5,2.24,FLNS,48
16,z_hdf5,2.24,FLNS,49
16,z_hdf5,2.24,FLNS,50
16,z_hdf5,2.24,FLNS,51
16,z_hdf5,2.24,FLNS,52
16,z_hdf5,2.24,FLNS,53
16,z_hdf5,2.24,FLNS,54
16,z_hdf5,2.24,FLNS,55
16,z_hdf5,2.24,FLNS,56
16,z_hdf5,2.24,FLNS,57
16,z_hdf5,2.24,FLNS,58
16,z_hdf5,2.24,FLNS,59
18,z_hdf5,2.02,FLNT,0
18,z_hdf5,2.02,FLNT,1
18,z_hdf5,2.02,FLNT,2
18,z_hdf5,2.02,FLNT,3
18,z_hdf5,2.02,FLNT,4
18,z_hdf5,2.02,FLNT,5
18,z_hdf5,2.02,FLNT,6
18,z_hdf5,2.02,FLNT,7
18,z_hdf5,2.02,FLNT,8
18,z_hdf5,2.02,FLNT,9
18,z_hdf5,2.02,FLNT,10
18,z_hdf5,2.02,FLNT,11
18,z_hdf5,2.02,FLNT,12
18,z_hdf5,2.02,FLNT,13
18,z_hdf5,2.02,FLNT,14
18,z_hdf5,2.02,FLNT,15
18,z_hdf5,2.02,FLNT,16
18,z_hdf5,2.02,FLNT,17
18,z_hdf5,2.02,FLNT,18
18,z_hdf5,2.02,FLNT,19
18,z_hdf5,2.02,FLNT,20
18,z_hdf5,2.02,FLNT,21
18,z_hdf5,2.02,FLNT,22
18,z_hdf5,2.02,FLNT,23
18,z_hdf5,2.02,FLNT,24
18,z_hdf5,2.02,FLNT,25
18,z_hdf5,2.02,FLNT,26
18,z_hdf5,2.02,FLNT,27
18,z_hdf5,2.02,FLNT,28
18,z_hdf5,2.02,FLNT,29
18,z_hdf5,2.02,FLNT,30
20,z_hdf5,1.69,FLNT,31
18,z_hdf5,2.02,FLNT,32
18,z_hdf5,2.02,FLNT,33
18,z_hdf5,2.02,FLNT,34
18,z_hdf5,2.02,FLNT,35
18,z_hdf5,2.02,FLNT,36
18,z_hdf5,2.02,FLNT,37
18,z_hdf5,2.02,FLNT,38
18,z_hdf5,2.02,FLNT,39
18,z_hdf5,2.02,FLNT,40
18,z_hdf5,2.02,FLNT,41
18,z_hdf5,2.02,FLNT,42
18,z_hdf5,2.02,FLNT,43
18,z_hdf5,2.02,FLNT,44
18,z_hdf5,2.02,FLNT,45
18,z_hdf5,2.02,FLNT,46
18,z_hdf5,2.02,FLNT,47
18,z_hdf5,2.02,FLNT,48
18,z_hdf5,2.02,FLNT,49
18,z_hdf5,2.02,FLNT,50
18,z_hdf5,2.02,FLNT,51
18,z_hdf5,2.02,FLNT,52
18,z_hdf5,2.02,FLNT,53
18,z_hdf5,2.02,FLNT,54
18,z_hdf5,2.02,FLNT,55
18,z_hdf5,2.02,FLNT,56
18,z_hdf5,2.02,FLNT,57
18,z_hdf5,2.02,FLNT,58
18,z_hdf5,2.02,FLNT,59
16,z_hdf5,2.23,FSNS,0
16,z_hdf5,2.23,FSNS,1
16,z_hdf5,2.23,FSNS,2
16,z_hdf5,2.23,FSNS,3
16,z_hdf5,2.23,FSNS,4
16,z_hdf5,2.23,FSNS,5
16,z_hdf5,2.23,FSNS,6
16,z_hdf5,2.23,FSNS,7
16,z_hdf5,2.23,FSNS,8
16,z_hdf5,2.23,FSNS,9
16,z_hdf5,2.23,FSNS,10
16,z_hdf5,2.23,FSNS,11
16,z_hdf5,2.23,FSNS,12
16,z_hdf5,2.23,FSNS,13
16,z_hdf5,2.23,FSNS,14
16,z_hdf5,2.23,FSNS,15
16,z_hdf5,2.23,FSNS,16
16,z_hdf5,2.23,FSNS,17
16,z_hdf5,2.23,FSNS,18
16,z_hdf5,2.23,FSNS,19
16,z_hdf5,2.23,FSNS,20
16,z_hdf5,2.23,FSNS,21
16,z_hdf5,2.23,FSNS,22
16,z_hdf5,2.23,FSNS,23
16,z_hdf5,2.23,FSNS,24
16,z_hdf5,2.23,FSNS,25
16,z_hdf5,2.23,FSNS,26
16,z_hdf5,2.23,FSNS,27
16,z_hdf5,2.23,FSNS,28
16,z_hdf5,2.23,FSNS,29
16,z_hdf5,2.23,FSNS,30
16,z_hdf5,2.23,FSNS,31
16,z_hdf5,2.23,FSNS,32
16,z_hdf5,2.23,FSNS,33
16,z_hdf5,2.23,FSNS,34
16,z_hdf5,2.23,FSNS,35
16,z_hdf5,2.23,FSNS,36
16,z_hdf5,2.23,FSNS,37
16,z_hdf5,2.23,FSNS,38
16,z_hdf5,2.23,FSNS,39
16,z_hdf5,2.23,FSNS,40
16,z_hdf5,2.23,FSNS,41
16,z_hdf5,2.23,FSNS,42
16,z_hdf5,2.23,FSNS,43
16,z_hdf5,2.23,FSNS,44
16,z_hdf5,2.23,FSNS,45
16,z_hdf5,2.23,FSNS,46
16,z_hdf5,2.23,FSNS,47
16,z_hdf5,2.23,FSNS,48
16,z_hdf5,2.23,FSNS,49
16,z_hdf5,2.23,FSNS,50
16,z_hdf5,2.23,FSNS,51
16,z_hdf5,2.23,FSNS,52
16,z_hdf5,2.23,FSNS,53
16,z_hdf5,2.23,FSNS,54
16,z_hdf5,2.23,FSNS,55
14,z_hdf5,2.74,FSNS,56
16,z_hdf5,2.23,FSNS,57
16,z_hdf5,2.23,FSNS,58
16,z_hdf5,2.23,FSNS,59
16,z_hdf5,2.28,FSNT,0
16,z_hdf5,2.28,FSNT,1
16,z_hdf5,2.28,FSNT,2
16,z_hdf5,2.28,FSNT,3
16,z_hdf5,2.28,FSNT,4
16,z_hdf5,2.28,FSNT,5
16,z_hdf5,2.28,FSNT,6
18,z_hdf5,1.90,FSNT,7
18,z_hdf5,1.90,FSNT,8
16,z_hdf5,2.28,FSNT,9
16,z_hdf5,2.28,FSNT,10
16,z_hdf5,2.28,FSNT,11
16,z_hdf5,2.28,FSNT,12
16,z_hdf5,2.28,FSNT,13
16,z_hdf5,2.28,FSNT,14
16,z_hdf5,2.28,FSNT,15
16,z_hdf5,2.28,FSNT,16
16,z_hdf5,2.28,FSNT,17
16,z_hdf5,2.28,FSNT,18
16,z_hdf5,2.28,FSNT,19
18,z_hdf5,1.90,FSNT,20
18,z_hdf5,1.90,FSNT,21
16,z_hdf5,2.28,FSNT,22
18,z_hdf5,1.90,FSNT,23
16,z_hdf5,2.28,FSNT,24
16,z_hdf5,2.28,FSNT,25
16,z_hdf5,2.28,FSNT,26
16,z_hdf5,2.28,FSNT,27
16,z_hdf5,2.28,FSNT,28
16,z_hdf5,2.28,FSNT,29
16,z_hdf5,2.28,FSNT,30
16,z_hdf5,2.28,FSNT,31
16,z_hdf5,2.28,FSNT,32
18,z_hdf5,1.90,FSNT,33
18,z_hdf5,1.90,FSNT,34
18,z_hdf5,1.90,FSNT,35
16,z_hdf5,2.28,FSNT,36
16,z_hdf5,2.28,FSNT,37
16,z_hdf5,2.28,FSNT,38
16,z_hdf5,2.28,FSNT,39
16,z_hdf5,2.28,FSNT,40
16,z_hdf5,2.28,FSNT,41
16,z_hdf5,2.28,FSNT,42
16,z_hdf5,2.28,FSNT,43
16,z_hdf5,2.28,FSNT,44
16,z_hdf5,2.28,FSNT,45
16,z_hdf5,2.28,FSNT,46
18,z_hdf5,1.90,FSNT,47
16,z_hdf5,2.28,FSNT,48
16,z_hdf5,2.28,FSNT,49
16,z_hdf5,2.28,FSNT,50
16,z_hdf5,2.28,FSNT,51
16,z_hdf5,2.28,FSNT,52
16,z_hdf5,2.28,FSNT,53
16,z_hdf5,2.28,FSNT,54
16,z_hdf5,2.28,FSNT,55
16,z_hdf5,2.28,FSNT,56
16,z_hdf5,2.28,FSNT,57
16,z_hdf5,2.28,FSNT,58
16,z_hdf5,2.28,FSNT,59
16,z_hdf5,2.30,LHFLX,0
16,z_hdf5,2.30,LHFLX,1
16,z_hdf5,2.30,LHFLX,2
16,z_hdf5,2.30,LHFLX,3
16,z_hdf5,2.30,LHFLX,4
16,z_hdf5,2.30,LHFLX,5
16,z_hdf5,2.30,LHFLX,6
16,z_hdf5,2.30,LHFLX,7
14,z_hdf5,2.81,LHFLX,8
16,z_hdf5,2.30,LHFLX,9
16,z_hdf5,2.30,LHFLX,10
16,z_hdf5,2.30,LHFLX,11
16,z_hdf5,2.30,LHFLX,12
14,z_hdf5,2.81,LHFLX,13
16,z_hdf5,2.30,LHFLX,14
16,z_hdf5,2.30,LHFLX,15
16,z_hdf5,2.30,LHFLX,16
16,z_hdf5,2.30,LHFLX,17
16,z_hdf5,2.30,LHFLX,18
14,z_hdf5,2.81,LHFLX,19
16,z_hdf5,2.30,LHFLX,20
16,z_hdf5,2.30,LHFLX,21
16,z_hdf5,2.30,LHFLX,22
14,z_hdf5,2.81,LHFLX,23
16,z_hdf5,2.30,LHFLX,24
14,z_hdf5,2.81,LHFLX,25
14,z_hdf5,2.81,LHFLX,26
16,z_hdf5,2.30,LHFLX,27
16,z_hdf5,2.30,LHFLX,28
16,z_hdf5,2.30,LHFLX,29
16,z_hdf5,2.30,LHFLX,30
14,z_hdf5,2.81,LHFLX,31
14,z_hdf5,2.81,LHFLX,32
16,z_hdf5,2.30,LHFLX,33
14,z_hdf5,2.81,LHFLX,34
16,z_hdf5,2.30,LHFLX,35
16,z_hdf5,2.30,LHFLX,36
14,z_hdf5,2.81,LHFLX,37
14,z_hdf5,2.81,LHFLX,38
14,z_hdf5,2.81,LHFLX,39
16,z_hdf5,2.30,LHFLX,40
16,z_hdf5,2.30,LHFLX,41
16,z_hdf5,2.30,LHFLX,42
16,z_hdf5,2.30,LHFLX,43
18,z_hdf5,1.94,LHFLX,44
16,z_hdf5,2.30,LHFLX,45
16,z_hdf5,2.30,LHFLX,46
16,z_hdf5,2.30,LHFLX,47
14,z_hdf5,2.81,LHFLX,48
16,z_hdf5,2.30,LHFLX,49
14,z_hdf5,2.81,LHFLX,50
16,z_hdf5,2.30,LHFLX,51
14,z_hdf5,2.81,LHFLX,52
14,z_hdf5,2.81,LHFLX,53
16,z_hdf5,2.30,LHFLX,54
16,z_hdf5,2.30,LHFLX,55
14,z_hdf5,2.81,LHFLX,56
16,z_hdf5,2.30,LHFLX,57
14,z_hdf5,2.81,LHFLX,58
14,z_hdf5,2.81,LHFLX,59
14,z_hdf5,2.54,PRECC,0
14,z_hdf5,2.54,PRECC,1
14,z_hdf5,2.54,PRECC,2
14,z_hdf5,2.54,PRECC,3
14,z_hdf5,2.54,PRECC,4
14,z_hdf5,2.54,PRECC,5
16,z_hdf5,2.12,PRECC,6
14,z_hdf5,2.54,PRECC,7
16,z_hdf5,2.12,PRECC,8
14,z_hdf5,2.54,PRECC,9
16,z_hdf5,2.12,PRECC,10
14,z_hdf5,2.54,PRECC,11
14,z_hdf5,2.54,PRECC,12
14,z_hdf5,2.54,PRECC,13
16,z_hdf5,2.12,PRECC,14
14,z_hdf5,2.54,PRECC,15
16,z_hdf5,2.12,PRECC,16
16,z_hdf5,2.12,PRECC,17
14,z_hdf5,2.54,PRECC,18
14,z_hdf5,2.54,PRECC,19
14,z_hdf5,2.54,PRECC,20
14,z_hdf5,2.54,PRECC,21
16,z_hdf5,2.12,PRECC,22
14,z_hdf5,2.54,PRECC,23
14,z_hdf5,2.54,PRECC,24
16,z_hdf5,2.12,PRECC,25
14,z_hdf5,2.54,PRECC,26
16,z_hdf5,2.12,PRECC,27
14,z_hdf5,2.54,PRECC,28
14,z_hdf5,2.54,PRECC,29
14,z_hdf5,2.54,PRECC,30
16,z_hdf5,2.12,PRECC,31
14,z_hdf5,2.54,PRECC,32
16,z_hdf5,2.12,PRECC,33
14,z_hdf5,2.54,PRECC,34
14,z_hdf5,2.54,PRECC,35
16,z_hdf5,2.12,PRECC,36
14,z_hdf5,2.54,PRECC,37
14,z_hdf5,2.54,PRECC,38
16,z_hdf5,2.12,PRECC,39
14,z_hdf5,2.54,PRECC,40
16,z_hdf5,2.12,PRECC,41
14,z_hdf5,2.54,PRECC,42
16,z_hdf5,2.12,PRECC,43
14,z_hdf5,2.54,PRECC,44
14,z_hdf5,2.54,PRECC,45
14,z_hdf5,2.54,PRECC,46
14,z_hdf5,2.54,PRECC,47
14,z_hdf5,2.54,PRECC,48
14,z_hdf5,2.54,PRECC,49
14,z_hdf5,2.54,PRECC,50
16,z_hdf5,2.12,PRECC,51
16,z_hdf5,2.12,PRECC,52
14,z_hdf5,2.54,PRECC,53
14,z_hdf5,2.54,PRECC,54
14,z_hdf5,2.54,PRECC,55
14,z_hdf5,2.54,PRECC,56
16,z_hdf5,2.12,PRECC,57
14,z_hdf5,2.54,PRECC,58
14,z_hdf5,2.54,PRECC,59
16,z_hdf5,2.14,PRECL,0
16,z_hdf5,2.14,PRECL,1
14,z_hdf5,2.57,PRECL,2
14,zfp,1.75,PRECL,3
14,z_hdf5,2.57,PRECL,4
16,z_hdf5,2.14,PRECL,5
16,z_hdf5,2.14,PRECL,6
16,z_hdf5,2.14,PRECL,7
16,z_hdf5,2.14,PRECL,8
16,z_hdf5,2.14,PRECL,9
16,z_hdf5,2.14,PRECL,10
16,z_hdf5,2.14,PRECL,11
14,z_hdf5,2.57,PRECL,12
14,z_hdf5,2.57,PRECL,13
16,z_hdf5,2.14,PRECL,14
16,z_hdf5,2.14,PRECL,15
14,z_hdf5,2.57,PRECL,16
16,z_hdf5,2.14,PRECL,17
14,z_hdf5,2.57,PRECL,18
16,z_hdf5,2.14,PRECL,19
14,z_hdf5,2.57,PRECL,20
16,z_hdf5,2.14,PRECL,21
16,z_hdf5,2.14,PRECL,22
16,z_hdf5,2.14,PRECL,23
16,z_hdf5,2.14,PRECL,24
16,z_hdf5,2.14,PRECL,25
16,z_hdf5,2.14,PRECL,26
14,z_hdf5,2.57,PRECL,27
16,z_hdf5,2.14,PRECL,28
16,z_hdf5,2.14,PRECL,29
16,z_hdf5,2.14,PRECL,30
14,z_hdf5,2.57,PRECL,31
16,z_hdf5,2.14,PRECL,32
16,z_hdf5,2.14,PRECL,33
16,z_hdf5,2.14,PRECL,34
16,z_hdf5,2.14,PRECL,35
16,z_hdf5,2.14,PRECL,36
16,z_hdf5,2.14,PRECL,37
16,z_hdf5,2.14,PRECL,38
14,z_hdf5,2.57,PRECL,39
16,z_hdf5,2.14,PRECL,40
16,z_hdf5,2.14,PRECL,41
16,z_hdf5,2.14,PRECL,42
16,z_hdf5,2.14,PRECL,43
16,z_hdf5,2.14,PRECL,44
16,z_hdf5,2.14,PRECL,45
16,z_hdf5,2.14,PRECL,46
16,z_hdf5,2.14,PRECL,47
16,z_hdf5,2.14,PRECL,48
14,z_hdf5,2.57,PRECL,49
16,z_hdf5,2.14,PRECL,50
14,z_hdf5,2.57,PRECL,51
16,z_hdf5,2.14,PRECL,52
14,z_hdf5,2.57,PRECL,53
16,z_hdf5,2.14,PRECL,54
16,z_hdf5,2.14,PRECL,55
16,z_hdf5,2.14,PRECL,56
14,z_hdf5,2.57,PRECL,57
14,z_hdf5,2.57,PRECL,58
16,z_hdf5,2.14,PRECL,59
24,z_hdf5,1.41,PS,0
22,z_hdf5,1.66,PS,1
24,z_hdf5,1.41,PS,2
24,z_hdf5,1.41,PS,3
22,z_hdf5,1.66,PS,4
22,z_hdf5,1.66,PS,5
24,z_hdf5,1.41,PS,6
24,z_hdf5,1.41,PS,7
24,z_hdf5,1.41,PS,8
24,z_hdf5,1.41,PS,9
22,z_hdf5,1.66,PS,10
22,z_hdf5,1.66,PS,11
24,z_hdf5,1.41,PS,12
22,z_hdf5,1.66,PS,13
24,z_hdf5,1.41,PS,14
22,z_hdf5,1.66,PS,15
24,z_hdf5,1.41,PS,16
24,z_hdf5,1.41,PS,17
24,z_hdf5,1.41,PS,18
24,z_hdf5,1.41,PS,19
22,z_hdf5,1.66,PS,20
24,z_hdf5,1.41,PS,21
24,z_hdf5,1.41,PS,22
24,z_hdf5,1.41,PS,23
24,z_hdf5,1.41,PS,24
22,z_hdf5,1.66,PS,25
24,z_hdf5,1.41,PS,26
24,z_hdf5,1.41,PS,27
24,z_hdf5,1.41,PS,28
24,z_hdf5,1.41,PS,29
22,z_hdf5,1.66,PS,30
24,z_hdf5,1.41,PS,31
22,z_hdf5,1.66,PS,32
24,z_hdf5,1.41,PS,33
24,z_hdf5,1.41,PS,34
24,z_hdf5,1.41,PS,35
24,z_hdf5,1.41,PS,36
24,z_hdf5,1.41,PS,37
22,z_hdf5,1.66,PS,38
26,z_hdf5,1.22,PS,39
24,z_hdf5,1.41,PS,40
24,z_hdf5,1.41,PS,41
24,z_hdf5,1.41,PS,42
24,z_hdf5,1.41,PS,43
24,z_hdf5,1.41,PS,44
24,z_hdf5,1.41,PS,45
24,z_hdf5,1.41,PS,46
22,z_hdf5,1.66,PS,47
24,z_hdf5,1.41,PS,48
22,z_hdf5,1.66,PS,49
24,z_hdf5,1.41,PS,50
22,z_hdf5,1.66,PS,51
22,z_hdf5,1.66,PS,52
24,z_hdf5,1.41,PS,53
24,z_hdf5,1.41,PS,54
24,z_hdf5,1.41,PS,55
22,z_hdf5,1.66,PS,56
24,z_hdf5,1.41,PS,57
24,z_hdf5,1.41,PS,58
24,z_hdf5,1.41,PS,59
16,z_hdf5,2.29,QFLX,0
16,z_hdf5,2.29,QFLX,1
16,z_hdf5,2.29,QFLX,2
16,z_hdf5,2.29,QFLX,3
16,z_hdf5,2.29,QFLX,4
14,z_hdf5,2.80,QFLX,5
14,z_hdf5,2.80,QFLX,6
16,z_hdf5,2.29,QFLX,7
16,z_hdf5,2.29,QFLX,8
14,z_hdf5,2.80,QFLX,9
16,z_hdf5,2.29,QFLX,10
14,z_hdf5,2.80,QFLX,11
16,z_hdf5,2.29,QFLX,12
14,z_hdf5,2.80,QFLX,13
16,z_hdf5,2.29,QFLX,14
16,z_hdf5,2.29,QFLX,15
16,z_hdf5,2.29,QFLX,16
16,z_hdf5,2.29,QFLX,17
16,z_hdf5,2.29,QFLX,18
16,z_hdf5,2.29,QFLX,19
14,z_hdf5,2.80,QFLX,20
16,z_hdf5,2.29,QFLX,21
16,z_hdf5,2.29,QFLX,22
14,z_hdf5,2.80,QFLX,23
14,z_hdf5,2.80,QFLX,24
14,z_hdf5,2.80,QFLX,25
14,z_hdf5,2.80,QFLX,26
16,z_hdf5,2.29,QFLX,27
16,z_hdf5,2.29,QFLX,28
16,z_hdf5,2.29,QFLX,29
16,z_hdf5,2.29,QFLX,30
14,z_hdf5,2.80,QFLX,31
16,z_hdf5,2.29,QFLX,32
14,z_hdf5,2.80,QFLX,33
16,z_hdf5,2.29,QFLX,34
14,z_hdf5,2.80,QFLX,35
4,bg,1.68,QFLX,36
16,z_hdf5,2.29,QFLX,37
16,z_hdf5,2.29,QFLX,38
14,z_hdf5,2.80,QFLX,39
14,z_hdf5,2.80,QFLX,40
16,z_hdf5,2.29,QFLX,41
14,z_hdf5,2.80,QFLX,42
16,z_hdf5,2.29,QFLX,43
16,z_hdf5,2.29,QFLX,44
16,z_hdf5,2.29,QFLX,45
16,z_hdf5,2.29,QFLX,46
14,z_hdf5,2.80,QFLX,47
14,z_hdf5,2.80,QFLX,48
14,z_hdf5,2.80,QFLX,49
16,z_hdf5,2.29,QFLX,50
14,z_hdf5,2.80,QFLX,51
14,z_hdf5,2.80,QFLX,52
16,z_hdf5,2.29,QFLX,53
16,z_hdf5,2.29,QFLX,54
16,z_hdf5,2.29,QFLX,55
16,z_hdf5,2.29,QFLX,56
14,z_hdf5,2.80,QFLX,57
16,z_hdf5,2.29,QFLX,58
14,z_hdf5,2.80,QFLX,59
16,z_hdf5,2.24,SHFLX,0
16,z_hdf5,2.24,SHFLX,1
16,z_hdf5,2.24,SHFLX,2
16,z_hdf5,2.24,SHFLX,3
16,z_hdf5,2.24,SHFLX,4
18,z_hdf5,1.91,SHFLX,5
16,z_hdf5,2.24,SHFLX,6
16,z_hdf5,2.24,SHFLX,7
16,z_hdf5,2.24,SHFLX,8
16,z_hdf5,2.24,SHFLX,9
16,z_hdf5,2.24,SHFLX,10
16,z_hdf5,2.24,SHFLX,11
16,z_hdf5,2.24,SHFLX,12
16,z_hdf5,2.24,SHFLX,13
16,z_hdf5,2.24,SHFLX,14
16,z_hdf5,2.24,SHFLX,15
16,z_hdf5,2.24,SHFLX,16
16,z_hdf5,2.24,SHFLX,17
18,z_hdf5,1.91,SHFLX,18
16,z_hdf5,2.24,SHFLX,19
16,z_hdf5,2.24,SHFLX,20
16,z_hdf5,2.24,SHFLX,21
16,z_hdf5,2.24,SHFLX,22
16,z_hdf5,2.24,SHFLX,23
16,z_hdf5,2.24,SHFLX,24
16,z_hdf5,2.24,SHFLX,25
16,z_hdf5,2.24,SHFLX,26
16,z_hdf5,2.24,SHFLX,27
16,z_hdf5,2.24,SHFLX,28
16,z_hdf5,2.24,SHFLX,29
16,z_hdf5,2.24,SHFLX,30
16,z_hdf5,2.24,SHFLX,31
16,z_hdf5,2.24,SHFLX,32
16,z_hdf5,2.24,SHFLX,33
16,z_hdf5,2.24,SHFLX,34
16,z_hdf5,2.24,SHFLX,35
16,z_hdf5,2.24,SHFLX,36
16,z_hdf5,2.24,SHFLX,37
16,z_hdf5,2.24,SHFLX,38
16,z_hdf5,2.24,SHFLX,39
16,z_hdf5,2.24,SHFLX,40
16,z_hdf5,2.24,SHFLX,41
16,z_hdf5,2.24,SHFLX,42
16,z_hdf5,2.24,SHFLX,43
16,z_hdf5,2.24,SHFLX,44
16,z_hdf5,2.24,SHFLX,45
16,z_hdf5,2.24,SHFLX,46
16,z_hdf5,2.24,SHFLX,47
16,z_hdf5,2.24,SHFLX,48
16,z_hdf5,2.24,SHFLX,49
16,z_hdf5,2.24,SHFLX,50
16,z_hdf5,2.24,SHFLX,51
16,z_hdf5,2.24,SHFLX,52
16,z_hdf5,2.24,SHFLX,53
16,z_hdf5,2.24,SHFLX,54
16,z_hdf5,2.24,SHFLX,55
16,z_hdf5,2.24,SHFLX,56
16,z_hdf5,2.24,SHFLX,57
16,z_hdf5,2.24,SHFLX,58
16,z_hdf5,2.24,SHFLX,59
18,z_hdf5,2.08,TMQ,0
16,z_hdf5,2.54,TMQ,1
16,z_hdf5,2.54,TMQ,2
16,z_hdf5,2.54,TMQ,3
16,z_hdf5,2.54,TMQ,4
16,z_hdf5,2.54,TMQ,5
16,z_hdf5,2.54,TMQ,6
16,z_hdf5,2.54,TMQ,7
16,z_hdf5,2.54,TMQ,8
16,z_hdf5,2.54,TMQ,9
16,z_hdf5,2.54,TMQ,10
18,z_hdf5,2.08,TMQ,11
16,z_hdf5,2.54,TMQ,12
16,z_hdf5,2.54,TMQ,13
18,z_hdf5,2.08,TMQ,14
16,z_hdf5,2.54,TMQ,15
16,z_hdf5,2.54,TMQ,16
18,z_hdf5,2.08,TMQ,17
16,z_hdf5,2.54,TMQ,18
16,z_hdf5,2.54,TMQ,19
16,z_hdf5,2.54,TMQ,20
18,z_hdf5,2.08,TMQ,21
16,z_hdf5,2.54,TMQ,22
16,z_hdf5,2.54,TMQ,23
18,z_hdf5,2.08,TMQ,24
16,z_hdf5,2.54,TMQ,25
16,z_hdf5,2.54,TMQ,26
16,z_hdf5,2.54,TMQ,27
16,z_hdf5,2.54,TMQ,28
16,z_hdf5,2.54,TMQ,29
16,z_hdf5,2.54,TMQ,30
18,z_hdf5,2.08,TMQ,31
16,z_hdf5,2.54,TMQ,32
18,z_hdf5,2.08,TMQ,33
16,z_hdf5,2.54,TMQ,34
16,z_hdf5,2.54,TMQ,35
16,z_hdf5,2.54,TMQ,36
16,z_hdf5,2.54,TMQ,37
16,z_hdf5,2.54,TMQ,38
16,z_hdf5,2.54,TMQ,39
16,z_hdf5,2.54,TMQ,40
18,z_hdf5,2.08,TMQ,41
18,z_hdf5,2.08,TMQ,42
16,z_hdf5,2.54,TMQ,43
16,z_hdf5,2.54,TMQ,44
16,z_hdf5,2.54,TMQ,45
4,bg,1.86,TMQ,46
16,z_hdf5,2.54,TMQ,47
16,z_hdf5,2.54,TMQ,48
16,z_hdf5,2.54,TMQ,49
18,z_hdf5,2.08,TMQ,50
16,z_hdf5,2.54,TMQ,51
18,z_hdf5,2.08,TMQ,52
18,z_hdf5,2.08,TMQ,53
16,z_hdf5,2.54,TMQ,54
16,z_hdf5,2.54,TMQ,55
18,z_hdf5,2.08,TMQ,56
16,z_hdf5,2.54,TMQ,57
16,z_hdf5,2.54,TMQ,58
18,z_hdf5,2.08,TMQ,59
22,z_hdf5,1.60,TS,0
22,z_hdf5,1.60,TS,1
22,z_hdf5,1.60,TS,2
22,z_hdf5,1.60,TS,3
22,z_hdf5,1.60,TS,4
22,z_hdf5,1.60,TS,5
24,z_hdf5,1.37,TS,6
22,z_hdf5,1.60,TS,7
22,z_hdf5,1.60,TS,8
22,z_hdf5,1.60,TS,9
22,z_hdf5,1.60,TS,10
22,z_hdf5,1.60,TS,11
22,z_hdf5,1.60,TS,12
22,z_hdf5,1.60,TS,13
22,z_hdf5,1.60,TS,14
22,z_hdf5,1.60,TS,15
20,z_hdf5,1.94,TS,16
22,z_hdf5,1.60,TS,17
22,z_hdf5,1.60,TS,18
22,z_hdf5,1.60,TS,19
22,z_hdf5,1.60,TS,20
22,z_hdf5,1.60,TS,21
22,z_hdf5,1.60,TS,22
22,z_hdf5,1.60,TS,23
22,z_hdf5,1.60,TS,24
22,z_hdf5,1.60,TS,25
22,z_hdf5,1.60,TS,26
22,z_hdf5,1.60,TS,27
22,z_hdf5,1.60,TS,28
22,z_hdf5,1.60,TS,29
5,bg,1.77,TS,30
22,z_hdf5,1.60,TS,31
22,z_hdf5,1.60,TS,32
22,z_hdf5,1.60,TS,33
22,z_hdf5,1.60,TS,34
22,z_hdf5,1.60,TS,35
22,z_hdf5,1.60,TS,36
22,z_hdf5,1.60,TS,37
22,z_hdf5,1.60,TS,38
22,z_hdf5,1.60,TS,39
22,z_hdf5,1.60,TS,40
22,z_hdf5,1.60,TS,41
22,z_hdf5,1.60,TS,42
22,z_hdf5,1.60,TS,43
22,z_hdf5,1.60,TS,44
22,z_hdf5,1.60,TS,45
22,z_hdf5,1.60,TS,46
22,z_hdf5,1.60,TS,47
22,z_hdf5,1.60,TS,48
22,z_hdf5,1.60,TS,49
22,z_hdf5,1.60,TS,50
22,z_hdf5,1.60,TS,51
22,z_hdf5,1.60,TS,52
22,z_hdf5,1.60,TS,53
22,z_hdf5,1.60,TS,54
22,z_hdf5,1.60,TS,55
22,z_hdf5,1.60,TS,56
22,z_hdf5,1.60,TS,57
22,z_hdf5,1.60,TS,58
22,z_hdf5,1.60,TS,59
